{
  "A": {
    "precision": 0.9716088328075709,
    "recall": 0.9935483870967742,
    "f1-score": 0.9824561403508771,
    "support": 310.0
  },
  "B": {
    "precision": 0.9967532467532467,
    "recall": 0.9903225806451613,
    "f1-score": 0.9935275080906149,
    "support": 310.0
  },
  "C": {
    "precision": 1.0,
    "recall": 1.0,
    "f1-score": 1.0,
    "support": 310.0
  },
  "D": {
    "precision": 0.9903536977491961,
    "recall": 0.9935483870967742,
    "f1-score": 0.9919484702093397,
    "support": 310.0
  },
  "Done": {
    "precision": 0.9090909090909091,
    "recall": 1.0,
    "f1-score": 0.9523809523809523,
    "support": 10.0
  },
  "E": {
    "precision": 0.987012987012987,
    "recall": 0.9806451612903225,
    "f1-score": 0.9838187702265372,
    "support": 310.0
  },
  "F": {
    "precision": 0.9967213114754099,
    "recall": 0.9806451612903225,
    "f1-score": 0.9886178861788618,
    "support": 310.0
  },
  "G": {
    "precision": 0.9841269841269841,
    "recall": 1.0,
    "f1-score": 0.992,
    "support": 310.0
  },
  "H": {
    "precision": 1.0,
    "recall": 0.9967741935483871,
    "f1-score": 0.9983844911147012,
    "support": 310.0
  },
  "Hello": {
    "precision": 0.7692307692307693,
    "recall": 1.0,
    "f1-score": 0.8695652173913043,
    "support": 10.0
  },
  "I": {
    "precision": 0.9805825242718447,
    "recall": 0.9774193548387097,
    "f1-score": 0.9789983844911146,
    "support": 310.0
  },
  "J": {
    "precision": 0.9777070063694268,
    "recall": 0.9903225806451613,
    "f1-score": 0.9839743589743589,
    "support": 310.0
  },
  "K": {
    "precision": 0.9503105590062112,
    "recall": 0.9870967741935484,
    "f1-score": 0.9683544303797469,
    "support": 310.0
  },
  "L": {
    "precision": 0.9967532467532467,
    "recall": 0.9903225806451613,
    "f1-score": 0.9935275080906149,
    "support": 310.0
  },
  "M": {
    "precision": 0.9164179104477612,
    "recall": 0.9903225806451613,
    "f1-score": 0.951937984496124,
    "support": 310.0
  },
  "N": {
    "precision": 0.9724137931034482,
    "recall": 0.9096774193548387,
    "f1-score": 0.94,
    "support": 310.0
  },
  "O": {
    "precision": 0.9967741935483871,
    "recall": 0.9967741935483871,
    "f1-score": 0.9967741935483871,
    "support": 310.0
  },
  "P": {
    "precision": 0.9967320261437909,
    "recall": 0.9838709677419355,
    "f1-score": 0.9902597402597403,
    "support": 310.0
  },
  "Please": {
    "precision": 1.0,
    "recall": 1.0,
    "f1-score": 1.0,
    "support": 10.0
  },
  "R": {
    "precision": 0.47073170731707314,
    "recall": 0.6225806451612903,
    "f1-score": 0.5361111111111111,
    "support": 310.0
  },
  "S": {
    "precision": 0.4398148148148148,
    "recall": 0.3064516129032258,
    "f1-score": 0.3612167300380228,
    "support": 310.0
  },
  "T": {
    "precision": 0.9964788732394366,
    "recall": 0.9129032258064517,
    "f1-score": 0.9528619528619529,
    "support": 310.0
  },
  "ThankYou": {
    "precision": 1.0,
    "recall": 1.0,
    "f1-score": 1.0,
    "support": 10.0
  },
  "U": {
    "precision": 0.9584664536741214,
    "recall": 0.967741935483871,
    "f1-score": 0.9630818619582665,
    "support": 310.0
  },
  "V": {
    "precision": 0.9602649006622517,
    "recall": 0.9354838709677419,
    "f1-score": 0.9477124183006536,
    "support": 310.0
  },
  "W": {
    "precision": 0.9965753424657534,
    "recall": 0.9387096774193548,
    "f1-score": 0.9667774086378738,
    "support": 310.0
  },
  "X": {
    "precision": 0.9588607594936709,
    "recall": 0.9774193548387097,
    "f1-score": 0.9680511182108626,
    "support": 310.0
  },
  "Y": {
    "precision": 0.9686520376175548,
    "recall": 0.9967741935483871,
    "f1-score": 0.9825119236883942,
    "support": 310.0
  },
  "Z": {
    "precision": 0.9748427672955975,
    "recall": 1.0,
    "f1-score": 0.9872611464968153,
    "support": 310.0
  },
  "iloveyou": {
    "precision": 1.0,
    "recall": 1.0,
    "f1-score": 1.0,
    "support": 10.0
  },
  "q": {
    "precision": 0.9967637540453075,
    "recall": 0.9935483870967742,
    "f1-score": 0.9951534733441034,
    "support": 310.0
  },
  "sorry": {
    "precision": 1.0,
    "recall": 1.0,
    "f1-score": 1.0,
    "support": 10.0
  },
  "welcome": {
    "precision": 1.0,
    "recall": 1.0,
    "f1-score": 1.0,
    "support": 10.0
  },
  "accuracy": 0.9394833948339484,
  "macro avg": {
    "precision": 0.9428497396520233,
    "recall": 0.9519061583577713,
    "f1-score": 0.9459777327524647,
    "support": 8130.0
  },
  "weighted avg": {
    "precision": 0.9399577285539602,
    "recall": 0.9394833948339484,
    "f1-score": 0.9385938936194386,
    "support": 8130.0
  }
}